Class,Field
org.apache.commons.collections4.collection.UnmodifiableBoundedCollection,serialVersionUID
org.apache.commons.collections4.map.Flat3Map,key1
org.apache.commons.collections4.map.Flat3Map,key2
org.apache.commons.collections4.map.Flat3Map,hash3
org.apache.commons.collections4.map.Flat3Map,hash2
org.apache.commons.collections4.map.Flat3Map,hash1
org.apache.commons.collections4.map.Flat3Map,value2
org.apache.commons.collections4.map.Flat3Map,value1
org.apache.commons.collections4.map.Flat3Map,key3
org.apache.commons.collections4.map.Flat3Map,value3
org.apache.commons.collections4.map.Flat3Map,delegateMap
org.apache.commons.collections4.map.Flat3Map,serialVersionUID
org.apache.commons.collections4.map.Flat3Map,size
org.apache.commons.collections4.map.Flat3MapTest,TWENTY
org.apache.commons.collections4.map.Flat3MapTest,THIRTY
org.apache.commons.collections4.map.Flat3MapTest,ONE
org.apache.commons.collections4.map.Flat3MapTest,TEN
org.apache.commons.collections4.map.Flat3MapTest,TWO
org.apache.commons.collections4.map.Flat3MapTest,THREE
org.apache.commons.collections4.comparators.ComparatorChain,serialVersionUID
org.apache.commons.collections4.comparators.ComparatorChain,isLocked
org.apache.commons.collections4.comparators.ComparatorChain,orderingBits
org.apache.commons.collections4.comparators.ComparatorChain,comparatorChain
org.apache.commons.collections4.comparators.TransformingComparator,serialVersionUID
org.apache.commons.collections4.comparators.TransformingComparator,transformer
org.apache.commons.collections4.comparators.TransformingComparator,decorated
org.apache.commons.collections4.splitmap.TransformedSplitMap,serialVersionUID
org.apache.commons.collections4.splitmap.TransformedSplitMap,valueTransformer
org.apache.commons.collections4.splitmap.TransformedSplitMap,keyTransformer
org.apache.commons.collections4.bag.SynchronizedBag,serialVersionUID
org.apache.commons.collections4.functors.NullPredicate,serialVersionUID
org.apache.commons.collections4.multiset.AbstractMapMultiSet,modCount
org.apache.commons.collections4.multiset.AbstractMapMultiSet,size
org.apache.commons.collections4.multiset.AbstractMapMultiSet,map
org.apache.commons.collections4.functors.OnePredicate,serialVersionUID
org.apache.commons.collections4.iterators.SkippingIterator,offset
org.apache.commons.collections4.iterators.SkippingIterator,pos
org.apache.commons.collections4.map.PassiveExpiringMap,serialVersionUID
org.apache.commons.collections4.map.PassiveExpiringMap,expirationMap
org.apache.commons.collections4.map.PassiveExpiringMap,expiringPolicy
org.apache.commons.collections4.properties.OrderedProperties,serialVersionUID
org.apache.commons.collections4.properties.OrderedProperties,orderedKeys
org.apache.commons.collections4.functors.WhileClosure,iDoLoop
org.apache.commons.collections4.functors.WhileClosure,iPredicate
org.apache.commons.collections4.functors.WhileClosure,iClosure
org.apache.commons.collections4.iterators.SingletonListIterator,removed
org.apache.commons.collections4.iterators.SingletonListIterator,beforeFirst
org.apache.commons.collections4.iterators.SingletonListIterator,nextCalled
org.apache.commons.collections4.iterators.SingletonListIterator,object
org.apache.commons.collections4.list.TransformedList,serialVersionUID
org.apache.commons.collections4.BulkTest,verboseName
org.apache.commons.collections4.BulkTest,name
org.apache.commons.collections4.iterators.CartesianProductIteratorTest,emptyList
org.apache.commons.collections4.iterators.CartesianProductIteratorTest,numbers
org.apache.commons.collections4.iterators.CartesianProductIteratorTest,letters
org.apache.commons.collections4.iterators.CartesianProductIteratorTest,symbols
org.apache.commons.collections4.iterators.CollatingIteratorTest,comparator
org.apache.commons.collections4.iterators.CollatingIteratorTest,odds
org.apache.commons.collections4.iterators.CollatingIteratorTest,fib
org.apache.commons.collections4.iterators.CollatingIteratorTest,evens
org.apache.commons.collections4.map.ReferenceIdentityMap,serialVersionUID
org.apache.commons.collections4.bidimap.DualLinkedHashBidiMap,serialVersionUID
org.apache.commons.collections4.multiset.SynchronizedMultiSet,serialVersionUID
org.apache.commons.collections4.functors.AbstractMockPredicateTest,mockPredicatesToVerify
org.apache.commons.collections4.functors.AbstractMockPredicateTest,testValue
org.apache.commons.collections4.iterators.SingletonIterator2Test,testValue
org.apache.commons.collections4.properties.AbstractPropertiesFactoryTest,factory
org.apache.commons.collections4.map.ListOrderedMap,serialVersionUID
org.apache.commons.collections4.map.ListOrderedMap,insertOrder
org.apache.commons.collections4.multiset.PredicatedMultiSet,serialVersionUID
org.apache.commons.collections4.sequence.ReplacementsFinder,pendingDeletions
org.apache.commons.collections4.sequence.ReplacementsFinder,handler
org.apache.commons.collections4.sequence.ReplacementsFinder,pendingInsertions
org.apache.commons.collections4.sequence.ReplacementsFinder,skipped
org.apache.commons.collections4.set.AbstractSortedSetDecorator,serialVersionUID
org.apache.commons.collections4.iterators.PushbackIterator,iterator
org.apache.commons.collections4.iterators.PushbackIterator,items
org.apache.commons.collections4.functors.PredicateTransformer,serialVersionUID
org.apache.commons.collections4.functors.PredicateTransformer,iPredicate
org.apache.commons.collections4.functors.IfTransformer,serialVersionUID
org.apache.commons.collections4.functors.IfTransformer,iPredicate
org.apache.commons.collections4.functors.IfTransformer,iTrueTransformer
org.apache.commons.collections4.functors.IfTransformer,iFalseTransformer
org.apache.commons.collections4.multimap.TransformedMultiValuedMap,serialVersionUID
org.apache.commons.collections4.multimap.TransformedMultiValuedMap,valueTransformer
org.apache.commons.collections4.multimap.TransformedMultiValuedMap,keyTransformer
org.apache.commons.collections4.bloomfilter.DefaultIndexExtractorTest,values
org.apache.commons.collections4.iterators.PushbackIteratorTest,testList
org.apache.commons.collections4.iterators.PushbackIteratorTest,testArray
org.apache.commons.collections4.set.PredicatedNavigableSet,serialVersionUID
org.apache.commons.collections4.trie.KeyAnalyzer,serialVersionUID
org.apache.commons.collections4.list.LazyList,factory
org.apache.commons.collections4.list.LazyList,serialVersionUID
org.apache.commons.collections4.list.LazyList,transformer
org.apache.commons.collections4.list.GrowthList,serialVersionUID
org.apache.commons.collections4.functors.NonePredicate,serialVersionUID
org.apache.commons.collections4.map.SingletonMap,serialVersionUID
org.apache.commons.collections4.map.SingletonMap,value
org.apache.commons.collections4.map.SingletonMap,key
org.apache.commons.collections4.set.TransformedNavigableSet,serialVersionUID
org.apache.commons.collections4.FluentIterableTest,iterableA
org.apache.commons.collections4.FluentIterableTest,emptyIterable
org.apache.commons.collections4.FluentIterableTest,EVEN
org.apache.commons.collections4.FluentIterableTest,iterableB
org.apache.commons.collections4.FluentIterableTest,iterableEven
org.apache.commons.collections4.FluentIterableTest,iterableOdd
org.apache.commons.collections4.ListUtilsTest,a
org.apache.commons.collections4.ListUtilsTest,b
org.apache.commons.collections4.ListUtilsTest,c
org.apache.commons.collections4.ListUtilsTest,d
org.apache.commons.collections4.ListUtilsTest,e
org.apache.commons.collections4.ListUtilsTest,EQUALS_TWO
org.apache.commons.collections4.ListUtilsTest,x
org.apache.commons.collections4.ListUtilsTest,fullArray
org.apache.commons.collections4.ListUtilsTest,fullList
org.apache.commons.collections4.bloomfilter.ShapeTest,shape
org.apache.commons.collections4.iterators.UnmodifiableListIterator,iterator
org.apache.commons.collections4.functors.TruePredicate,serialVersionUID
org.apache.commons.collections4.map.ReferenceMap,serialVersionUID
org.apache.commons.collections4.multiset.AbstractMultiSetDecorator,serialVersionUID
org.apache.commons.collections4.map.ConcurrentReferenceHashMap,MAX_SEGMENTS
org.apache.commons.collections4.map.ConcurrentReferenceHashMap,entrySet
org.apache.commons.collections4.map.ConcurrentReferenceHashMap,values
org.apache.commons.collections4.map.ConcurrentReferenceHashMap,RETRIES_BEFORE_LOCK
org.apache.commons.collections4.map.ConcurrentReferenceHashMap,identityComparisons
org.apache.commons.collections4.map.ConcurrentReferenceHashMap,MAXIMUM_CAPACITY
org.apache.commons.collections4.map.ConcurrentReferenceHashMap,keySet
org.apache.commons.collections4.map.ConcurrentReferenceHashMap,segmentMask
org.apache.commons.collections4.map.ConcurrentReferenceHashMap,segmentShift
org.apache.commons.collections4.map.ConcurrentReferenceHashMap,segments
org.apache.commons.collections4.functors.NotNullPredicate,serialVersionUID
org.apache.commons.collections4.bloomfilter.DefaultCellExtractorTest,indices
org.apache.commons.collections4.bloomfilter.DefaultCellExtractorTest,values
org.apache.commons.collections4.bloomfilter.CountingPredicateTest,ary
org.apache.commons.collections4.functors.DefaultEquator,serialVersionUID
org.apache.commons.collections4.bag.UnmodifiableSortedBag,serialVersionUID
org.apache.commons.collections4.iterators.AbstractListIteratorDecorator,iterator
org.apache.commons.collections4.bloomfilter.BitMaps,DIVIDE_BY_64
org.apache.commons.collections4.bidimap.UnmodifiableOrderedBidiMap,inverse
org.apache.commons.collections4.set.ListOrderedSetTest,ZERO
org.apache.commons.collections4.set.ListOrderedSetTest,ONE
org.apache.commons.collections4.set.ListOrderedSetTest,TWO
org.apache.commons.collections4.set.ListOrderedSetTest,THREE
org.apache.commons.collections4.functors.ChainedTransformer,EMPTY_TRANSFORMER_ARRAY
org.apache.commons.collections4.functors.ChainedTransformer,serialVersionUID
org.apache.commons.collections4.functors.ChainedTransformer,iTransformers
org.apache.commons.collections4.iterators.ArrayListIterator,lastItemIndex
org.apache.commons.collections4.functors.AndPredicate,serialVersionUID
org.apache.commons.collections4.functors.AndPredicate,iPredicate2
org.apache.commons.collections4.functors.AndPredicate,iPredicate1
org.apache.commons.collections4.iterators.ReverseListIterator,iterator
org.apache.commons.collections4.iterators.ReverseListIterator,validForUpdate
org.apache.commons.collections4.iterators.ReverseListIterator,list
org.apache.commons.collections4.collection.PredicatedCollection,serialVersionUID
org.apache.commons.collections4.set.AbstractSetDecorator,serialVersionUID
org.apache.commons.collections4.comparators.ComparableComparator,serialVersionUID
org.apache.commons.collections4.properties.SortedProperties,serialVersionUID
org.apache.commons.collections4.IterableUtilsTest,iterableA
org.apache.commons.collections4.IterableUtilsTest,EQUALS_TWO
org.apache.commons.collections4.IterableUtilsTest,emptyIterable
org.apache.commons.collections4.IterableUtilsTest,EVEN
org.apache.commons.collections4.IterableUtilsTest,iterableB
org.apache.commons.collections4.queue.UnmodifiableQueue,serialVersionUID
org.apache.commons.collections4.MapPerformance,RUNS
org.apache.commons.collections4.iterators.EnumerationIterator,last
org.apache.commons.collections4.iterators.EnumerationIterator,collection
org.apache.commons.collections4.iterators.EnumerationIterator,enumeration
org.apache.commons.collections4.list.CursorableLinkedList,cursors
org.apache.commons.collections4.list.CursorableLinkedList,serialVersionUID
org.apache.commons.collections4.list.SetUniqueList,serialVersionUID
org.apache.commons.collections4.list.SetUniqueList,set
org.apache.commons.collections4.multimap.AbstractMultiValuedMapDecorator,serialVersionUID
org.apache.commons.collections4.multimap.AbstractMultiValuedMapDecorator,map
org.apache.commons.collections4.queue.SynchronizedQueue,serialVersionUID
org.apache.commons.collections4.map.TransformedSortedMap,serialVersionUID
org.apache.commons.collections4.trie.UnmodifiableTrie,delegate
org.apache.commons.collections4.trie.UnmodifiableTrie,serialVersionUID
org.apache.commons.collections4.IteratorUtils,DEFAULT_TOSTRING_DELIMITER
org.apache.commons.collections4.functors.NullIsFalsePredicate,serialVersionUID
org.apache.commons.collections4.functors.NullIsFalsePredicate,iPredicate
org.apache.commons.collections4.bloomfilter.AbstractIndexExtractorTest,TRUE_PREDICATE
org.apache.commons.collections4.bloomfilter.AbstractIndexExtractorTest,FALSE_PREDICATE
org.apache.commons.collections4.functors.InstanceofPredicate,serialVersionUID
org.apache.commons.collections4.functors.InstanceofPredicate,iType
org.apache.commons.collections4.functors.IdentityPredicate,serialVersionUID
org.apache.commons.collections4.functors.IdentityPredicate,iValue
org.apache.commons.collections4.multimap.HashSetValuedHashMap,serialVersionUID
org.apache.commons.collections4.multimap.HashSetValuedHashMap,DEFAULT_INITIAL_SET_CAPACITY
org.apache.commons.collections4.multimap.HashSetValuedHashMap,DEFAULT_INITIAL_MAP_CAPACITY
org.apache.commons.collections4.multimap.HashSetValuedHashMap,initialSetCapacity
org.apache.commons.collections4.bag.TransformedBag,serialVersionUID
org.apache.commons.collections4.set.TransformedSet,serialVersionUID
org.apache.commons.collections4.sequence.SequencesComparator,vUp
org.apache.commons.collections4.sequence.SequencesComparator,vDown
org.apache.commons.collections4.sequence.SequencesComparator,equator
org.apache.commons.collections4.sequence.SequencesComparator,sequence1
org.apache.commons.collections4.sequence.SequencesComparator,sequence2
org.apache.commons.collections4.map.LazySortedMapTest,oneFactory
org.apache.commons.collections4.iterators.FilterListIterator,predicate
org.apache.commons.collections4.iterators.FilterListIterator,nextObject
org.apache.commons.collections4.iterators.FilterListIterator,iterator
org.apache.commons.collections4.iterators.FilterListIterator,nextObjectSet
org.apache.commons.collections4.iterators.FilterListIterator,nextIndex
org.apache.commons.collections4.iterators.FilterListIterator,previousObject
org.apache.commons.collections4.iterators.FilterListIterator,previousObjectSet
org.apache.commons.collections4.map.LazyMapTest,oneFactory
org.apache.commons.collections4.functors.FalsePredicate,serialVersionUID
org.apache.commons.collections4.map.AbstractReferenceMap,valueType
org.apache.commons.collections4.map.AbstractReferenceMap,keyType
org.apache.commons.collections4.map.AbstractReferenceMap,purgeValues
org.apache.commons.collections4.map.AbstractReferenceMap,queue
org.apache.commons.collections4.functors.OrPredicate,serialVersionUID
org.apache.commons.collections4.functors.OrPredicate,iPredicate2
org.apache.commons.collections4.functors.OrPredicate,iPredicate1
org.apache.commons.collections4.map.UnmodifiableEntrySet,serialVersionUID
org.apache.commons.collections4.map.ReferenceIdentityMapTest,I1A
org.apache.commons.collections4.map.ReferenceIdentityMapTest,I2B
org.apache.commons.collections4.map.ReferenceIdentityMapTest,I2A
org.apache.commons.collections4.map.ReferenceIdentityMapTest,I1B
org.apache.commons.collections4.list.TreeList,size
org.apache.commons.collections4.list.TreeList,root
org.apache.commons.collections4.map.UnmodifiableSortedMap,serialVersionUID
org.apache.commons.collections4.iterators.LoopingListIterator,iterator
org.apache.commons.collections4.iterators.LoopingListIterator,list
org.apache.commons.collections4.iterators.CollatingIterator,iterators
org.apache.commons.collections4.iterators.CollatingIterator,comparator
org.apache.commons.collections4.iterators.CollatingIterator,lastReturned
org.apache.commons.collections4.iterators.CollatingIterator,valueSet
org.apache.commons.collections4.iterators.CollatingIterator,values
org.apache.commons.collections4.map.TransformedMap,serialVersionUID
org.apache.commons.collections4.iterators.UnmodifiableOrderedMapIterator,iterator
org.apache.commons.collections4.collection.AbstractCollectionDecorator,serialVersionUID
org.apache.commons.collections4.collection.AbstractCollectionDecorator,collection
org.apache.commons.collections4.collection.SynchronizedCollection,serialVersionUID
org.apache.commons.collections4.collection.SynchronizedCollection,collection
org.apache.commons.collections4.map.SingletonMapTest,ONE
org.apache.commons.collections4.map.SingletonMapTest,TEN
org.apache.commons.collections4.map.SingletonMapTest,TWO
org.apache.commons.collections4.map.CompositeMap,serialVersionUID
org.apache.commons.collections4.map.CompositeMap,composite
org.apache.commons.collections4.map.CompositeMap,EMPTY_MAP_ARRAY
org.apache.commons.collections4.map.CompositeMap,mutator
org.apache.commons.collections4.set.UnmodifiableSet,serialVersionUID
org.apache.commons.collections4.bag.AbstractMapBag,modCount
org.apache.commons.collections4.bag.AbstractMapBag,size
org.apache.commons.collections4.bag.AbstractMapBag,uniqueSet
org.apache.commons.collections4.bag.AbstractMapBag,map
org.apache.commons.collections4.iterators.TransformIterator,iterator
org.apache.commons.collections4.iterators.TransformIterator,transformer
org.apache.commons.collections4.set.PredicatedSet,serialVersionUID
org.apache.commons.collections4.bag.TransformedSortedBag,serialVersionUID
org.apache.commons.collections4.bag.HashBag,serialVersionUID
org.apache.commons.collections4.sequence.EditCommand,object
org.apache.commons.collections4.MapUtilsTest,TWO
org.apache.commons.collections4.MapUtilsTest,THREE
org.apache.commons.collections4.junit.ObjectToStringComparator,serialVersionUID
org.apache.commons.collections4.bag.AbstractSortedBagDecorator,serialVersionUID
org.apache.commons.collections4.bag.CollectionSortedBag,serialVersionUID
org.apache.commons.collections4.set.ListOrderedSet,setOrder
org.apache.commons.collections4.set.ListOrderedSet,serialVersionUID
org.apache.commons.collections4.functors.IfClosure,serialVersionUID
org.apache.commons.collections4.functors.IfClosure,iPredicate
org.apache.commons.collections4.functors.IfClosure,iFalseClosure
org.apache.commons.collections4.functors.IfClosure,iTrueClosure
org.apache.commons.collections4.iterators.PeekingIteratorTest,testList
org.apache.commons.collections4.iterators.PeekingIteratorTest,testArray
org.apache.commons.collections4.bag.SynchronizedSortedBag,serialVersionUID
org.apache.commons.collections4.keyvalue.DefaultKeyValueTest,value
org.apache.commons.collections4.keyvalue.DefaultKeyValueTest,key
org.apache.commons.collections4.map.MultiValueMap,valuesView
org.apache.commons.collections4.map.MultiValueMap,serialVersionUID
org.apache.commons.collections4.map.MultiValueMap,collectionFactory
org.apache.commons.collections4.SplitMapUtilsTest,backingMap
org.apache.commons.collections4.SplitMapUtilsTest,transformedMap
org.apache.commons.collections4.SplitMapUtilsTest,stringToInt
org.apache.commons.collections4.set.TransformedSortedSet,serialVersionUID
org.apache.commons.collections4.iterators.SkippingIteratorTest,testList
org.apache.commons.collections4.iterators.SkippingIteratorTest,testArray
org.apache.commons.collections4.set.ListOrderedSet2Test,ZERO
org.apache.commons.collections4.set.ListOrderedSet2Test,ONE
org.apache.commons.collections4.set.ListOrderedSet2Test,TWO
org.apache.commons.collections4.set.ListOrderedSet2Test,THREE
org.apache.commons.collections4.comparators.NullComparator,nullsAreHigh
org.apache.commons.collections4.comparators.NullComparator,serialVersionUID
org.apache.commons.collections4.comparators.NullComparator,nonNullComparator
org.apache.commons.collections4.MapUtils,INDENT_STRING
org.apache.commons.collections4.bloomfilter.Shape,numberOfHashFunctions
org.apache.commons.collections4.bloomfilter.Shape,LN_2
org.apache.commons.collections4.bloomfilter.Shape,DENOMINATOR
org.apache.commons.collections4.bloomfilter.Shape,numberOfBits
org.apache.commons.collections4.comparators.FixedOrderComparator,unknownObjectBehavior
org.apache.commons.collections4.comparators.FixedOrderComparator,serialVersionUID
org.apache.commons.collections4.comparators.FixedOrderComparator,isLocked
org.apache.commons.collections4.comparators.FixedOrderComparator,counter
org.apache.commons.collections4.comparators.FixedOrderComparator,map
org.apache.commons.collections4.bidimap.TreeBidiMap,inverse
org.apache.commons.collections4.bidimap.TreeBidiMap,serialVersionUID
org.apache.commons.collections4.bidimap.TreeBidiMap,entrySet
org.apache.commons.collections4.bidimap.TreeBidiMap,valuesSet
org.apache.commons.collections4.bidimap.TreeBidiMap,nodeCount
org.apache.commons.collections4.bidimap.TreeBidiMap,keySet
org.apache.commons.collections4.bidimap.TreeBidiMap,rootNode
org.apache.commons.collections4.bidimap.TreeBidiMap,modifications
org.apache.commons.collections4.map.MultiKeyMap,serialVersionUID
org.apache.commons.collections4.functors.InvokerTransformer,iArgs
org.apache.commons.collections4.functors.InvokerTransformer,iMethodName
org.apache.commons.collections4.functors.InvokerTransformer,iParamTypes
org.apache.commons.collections4.keyvalue.AbstractMapEntryDecorator,entry
org.apache.commons.collections4.map.StaticBucketMap,DEFAULT_BUCKETS
org.apache.commons.collections4.map.StaticBucketMap,buckets
org.apache.commons.collections4.map.StaticBucketMap,locks
org.apache.commons.collections4.bloomfilter.SparseBloomFilter,indices
org.apache.commons.collections4.bloomfilter.SparseBloomFilter,shape
org.apache.commons.collections4.sequence.EditScript,lcsLength
org.apache.commons.collections4.sequence.EditScript,commands
org.apache.commons.collections4.sequence.EditScript,modifications
org.apache.commons.collections4.IteratorUtilsTest,collectionA
org.apache.commons.collections4.IteratorUtilsTest,iterableA
org.apache.commons.collections4.IteratorUtilsTest,collectionEven
org.apache.commons.collections4.IteratorUtilsTest,emptyCollection
org.apache.commons.collections4.IteratorUtilsTest,collectionOdd
org.apache.commons.collections4.bloomfilter.AbstractBloomFilterExtractorTest,shape
org.apache.commons.collections4.bloomfilter.SetOperationsTest,shape
org.apache.commons.collections4.set.AbstractNavigableSetDecorator,serialVersionUID
org.apache.commons.collections4.bag.AbstractBagDecorator,serialVersionUID
org.apache.commons.collections4.trie.AbstractBitwiseTrie,serialVersionUID
org.apache.commons.collections4.trie.AbstractBitwiseTrie,keyAnalyzer
org.apache.commons.collections4.functors.ExceptionPredicate,serialVersionUID
org.apache.commons.collections4.functors.ClosureTransformer,serialVersionUID
org.apache.commons.collections4.functors.ClosureTransformer,iClosure
org.apache.commons.collections4.functors.EqualPredicate,serialVersionUID
org.apache.commons.collections4.functors.EqualPredicate,equator
org.apache.commons.collections4.functors.EqualPredicate,iValue
org.apache.commons.collections4.multimap.AbstractMultiValuedMap,entryValuesView
org.apache.commons.collections4.multimap.AbstractMultiValuedMap,valuesView
org.apache.commons.collections4.multimap.AbstractMultiValuedMap,asMapView
org.apache.commons.collections4.multimap.AbstractMultiValuedMap,keysMultiSetView
org.apache.commons.collections4.multimap.AbstractMultiValuedMap,map
org.apache.commons.collections4.set.PredicatedSortedSet,serialVersionUID
org.apache.commons.collections4.map.CompositeMapTest,pass
org.apache.commons.collections4.set.UnmodifiableNavigableSet,serialVersionUID
org.apache.commons.collections4.functors.TransformerPredicate,serialVersionUID
org.apache.commons.collections4.functors.TransformerPredicate,iTransformer
org.apache.commons.collections4.bag.PredicatedBag,serialVersionUID
org.apache.commons.collections4.iterators.FilterIteratorTest,iterator
org.apache.commons.collections4.iterators.FilterIteratorTest,array
org.apache.commons.collections4.iterators.FilterIteratorTest,list
org.apache.commons.collections4.bloomfilter.SimpleBloomFilter,shape
org.apache.commons.collections4.bloomfilter.SimpleBloomFilter,bitMap
org.apache.commons.collections4.bloomfilter.SimpleBloomFilter,cardinality
org.apache.commons.collections4.functors.AnyPredicate,serialVersionUID
org.apache.commons.collections4.list.NodeCachingLinkedList,maximumCacheSize
org.apache.commons.collections4.list.NodeCachingLinkedList,serialVersionUID
org.apache.commons.collections4.list.NodeCachingLinkedList,cacheSize
org.apache.commons.collections4.list.NodeCachingLinkedList,DEFAULT_MAXIMUM_CACHE_SIZE
org.apache.commons.collections4.list.NodeCachingLinkedList,firstCachedNode
org.apache.commons.collections4.set.CompositeSet,all
org.apache.commons.collections4.set.CompositeSet,serialVersionUID
org.apache.commons.collections4.set.CompositeSet,mutator
org.apache.commons.collections4.iterators.AbstractOrderedMapIteratorDecorator,iterator
org.apache.commons.collections4.multiset.HashMultiSet,serialVersionUID
org.apache.commons.collections4.iterators.ObjectArrayListIterator,lastItemIndex
org.apache.commons.collections4.iterators.UnmodifiableIterator,iterator
org.apache.commons.collections4.bag.UnmodifiableBag,serialVersionUID
org.apache.commons.collections4.functors.NOPClosure,serialVersionUID
org.apache.commons.collections4.multiset.UnmodifiableMultiSet,serialVersionUID
org.apache.commons.collections4.keyvalue.TiedMapEntry,serialVersionUID
org.apache.commons.collections4.keyvalue.TiedMapEntry,map
org.apache.commons.collections4.keyvalue.TiedMapEntry,key
org.apache.commons.collections4.bloomfilter.IndexFilter,size
org.apache.commons.collections4.bloomfilter.IndexFilter,tracker
org.apache.commons.collections4.bloomfilter.IndexFilter,consumer
org.apache.commons.collections4.map.FixedSizeMap,serialVersionUID
org.apache.commons.collections4.iterators.SingletonIterator,removed
org.apache.commons.collections4.iterators.SingletonIterator,beforeFirst
org.apache.commons.collections4.iterators.SingletonIterator,removeAllowed
org.apache.commons.collections4.iterators.SingletonIterator,object
org.apache.commons.collections4.bloomfilter.AbstractCountingBloomFilterTest,from1Counts
org.apache.commons.collections4.bloomfilter.AbstractCountingBloomFilterTest,bigHashCounts
org.apache.commons.collections4.bloomfilter.AbstractCountingBloomFilterTest,bigHashValue
org.apache.commons.collections4.bloomfilter.ArrayCountingBloomFilter,cells
org.apache.commons.collections4.bloomfilter.ArrayCountingBloomFilter,shape
org.apache.commons.collections4.bloomfilter.ArrayCountingBloomFilter,state
org.apache.commons.collections4.map.UnmodifiableMap,serialVersionUID
org.apache.commons.collections4.bloomfilter.LayerManager,filters
org.apache.commons.collections4.bloomfilter.LayerManager,filterSupplier
org.apache.commons.collections4.bloomfilter.LayerManager,extendCheck
org.apache.commons.collections4.bloomfilter.LayerManager,filterCleanup
org.apache.commons.collections4.set.UnmodifiableSortedSet,serialVersionUID
org.apache.commons.collections4.functors.EqualPredicateTest,FALSE_OBJECT
org.apache.commons.collections4.functors.EqualPredicateTest,TRUE_OBJECT
org.apache.commons.collections4.iterators.FilterListIteratorTest,truePred
org.apache.commons.collections4.iterators.FilterListIteratorTest,list
org.apache.commons.collections4.iterators.FilterListIteratorTest,falsePred
org.apache.commons.collections4.iterators.FilterListIteratorTest,threePred
org.apache.commons.collections4.iterators.FilterListIteratorTest,oddPred
org.apache.commons.collections4.iterators.FilterListIteratorTest,random
org.apache.commons.collections4.iterators.FilterListIteratorTest,threes
org.apache.commons.collections4.iterators.FilterListIteratorTest,sixes
org.apache.commons.collections4.iterators.FilterListIteratorTest,odds
org.apache.commons.collections4.iterators.FilterListIteratorTest,evenPred
org.apache.commons.collections4.iterators.FilterListIteratorTest,fourPred
org.apache.commons.collections4.iterators.FilterListIteratorTest,fours
org.apache.commons.collections4.iterators.FilterListIteratorTest,evens
org.apache.commons.collections4.functors.SwitchTransformer,serialVersionUID
org.apache.commons.collections4.functors.SwitchTransformer,iTransformers
org.apache.commons.collections4.functors.SwitchTransformer,iPredicates
org.apache.commons.collections4.functors.SwitchTransformer,iDefault
org.apache.commons.collections4.map.LinkedMap,serialVersionUID
org.apache.commons.collections4.trie.PatriciaTrie,serialVersionUID
org.apache.commons.collections4.collection.IndexedCollection,serialVersionUID
org.apache.commons.collections4.collection.IndexedCollection,uniqueIndex
org.apache.commons.collections4.collection.IndexedCollection,index
org.apache.commons.collections4.collection.IndexedCollection,keyTransformer
org.apache.commons.collections4.functors.NOPTransformer,serialVersionUID
org.apache.commons.collections4.iterators.PermutationIterator,keys
org.apache.commons.collections4.iterators.PermutationIterator,nextPermutation
org.apache.commons.collections4.iterators.PermutationIterator,objectMap
org.apache.commons.collections4.iterators.PermutationIterator,direction
org.apache.commons.collections4.list.UnmodifiableList,serialVersionUID
org.apache.commons.collections4.bloomfilter.AbstractCellExtractorTest,TRUE_CONSUMER
org.apache.commons.collections4.bloomfilter.AbstractCellExtractorTest,FALSE_CONSUMER
org.apache.commons.collections4.iterators.BoundedIterator,iterator
org.apache.commons.collections4.iterators.BoundedIterator,offset
org.apache.commons.collections4.iterators.BoundedIterator,max
org.apache.commons.collections4.iterators.BoundedIterator,pos
org.apache.commons.collections4.map.CaseInsensitiveMap,serialVersionUID
org.apache.commons.collections4.ArrayStack,serialVersionUID
org.apache.commons.collections4.collection.CompositeCollection,all
org.apache.commons.collections4.collection.CompositeCollection,serialVersionUID
org.apache.commons.collections4.collection.CompositeCollection,mutator
org.apache.commons.collections4.multimap.UnmodifiableMultiValuedMap,serialVersionUID
org.apache.commons.collections4.FunctorException,serialVersionUID
org.apache.commons.collections4.splitmap.TransformedSplitMapTest,intToString
org.apache.commons.collections4.splitmap.TransformedSplitMapTest,objectToClass
org.apache.commons.collections4.splitmap.TransformedSplitMapTest,stringToInt
org.apache.commons.collections4.TransformerUtilsTest,cString
org.apache.commons.collections4.TransformerUtilsTest,cInteger
org.apache.commons.collections4.TransformerUtilsTest,cObject
org.apache.commons.collections4.iterators.ObjectGraphIterator,lastUsedIterator
org.apache.commons.collections4.iterators.ObjectGraphIterator,stack
org.apache.commons.collections4.iterators.ObjectGraphIterator,root
org.apache.commons.collections4.iterators.ObjectGraphIterator,transformer
org.apache.commons.collections4.iterators.ObjectGraphIterator,hasNext
org.apache.commons.collections4.iterators.ObjectGraphIterator,currentIterator
org.apache.commons.collections4.iterators.ObjectGraphIterator,currentValue
org.apache.commons.collections4.functors.NotPredicate,serialVersionUID
org.apache.commons.collections4.functors.NotPredicate,iPredicate
org.apache.commons.collections4.iterators.AbstractMapIteratorDecorator,iterator
org.apache.commons.collections4.functors.ChainedClosure,serialVersionUID
org.apache.commons.collections4.functors.ChainedClosure,iClosures
org.apache.commons.collections4.collection.UnmodifiableCollection,serialVersionUID
org.apache.commons.collections4.functors.SwitchClosure,serialVersionUID
org.apache.commons.collections4.functors.SwitchClosure,iClosures
org.apache.commons.collections4.functors.SwitchClosure,iPredicates
org.apache.commons.collections4.functors.SwitchClosure,iDefault
org.apache.commons.collections4.bloomfilter.LayeredBloomFilter,shape
org.apache.commons.collections4.bloomfilter.LayeredBloomFilter,layerManager
org.apache.commons.collections4.map.HashedMap,serialVersionUID
org.apache.commons.collections4.functors.TransformedPredicate,serialVersionUID
org.apache.commons.collections4.functors.TransformedPredicate,iPredicate
org.apache.commons.collections4.functors.TransformedPredicate,iTransformer
org.apache.commons.collections4.functors.AllPredicate,serialVersionUID
org.apache.commons.collections4.functors.ConstantFactory,serialVersionUID
org.apache.commons.collections4.functors.ConstantFactory,iConstant
org.apache.commons.collections4.queue.PredicatedQueue,serialVersionUID
org.apache.commons.collections4.iterators.NodeListIteratorTest,nodes
org.apache.commons.collections4.iterators.NodeListIteratorTest,createIteratorWithStandardConstr
org.apache.commons.collections4.ComparatorUtils,EMPTY_COMPARATOR_ARRAY
org.apache.commons.collections4.iterators.NodeListIterator,index
org.apache.commons.collections4.iterators.NodeListIterator,nodeList
org.apache.commons.collections4.multiset.AbstractMultiSet,entrySet
org.apache.commons.collections4.multiset.AbstractMultiSet,uniqueSet
org.apache.commons.collections4.iterators.CartesianProductIterator,iterators
org.apache.commons.collections4.iterators.CartesianProductIterator,previousTuple
org.apache.commons.collections4.iterators.CartesianProductIterator,iterables
org.apache.commons.collections4.functors.NullIsExceptionPredicate,serialVersionUID
org.apache.commons.collections4.functors.NullIsExceptionPredicate,iPredicate
org.apache.commons.collections4.sequence.SequencesComparatorTest,before
org.apache.commons.collections4.sequence.SequencesComparatorTest,length
org.apache.commons.collections4.sequence.SequencesComparatorTest,after
org.apache.commons.collections4.bag.PredicatedSortedBag,serialVersionUID
org.apache.commons.collections4.functors.MapTransformer,serialVersionUID
org.apache.commons.collections4.functors.MapTransformer,iMap
org.apache.commons.collections4.comparators.ReverseComparator,comparator
org.apache.commons.collections4.comparators.ReverseComparator,serialVersionUID
org.apache.commons.collections4.list.AbstractSerializableListDecorator,serialVersionUID
org.apache.commons.collections4.bloomfilter.LayeredBloomFilterTest,dbgInstrument
org.apache.commons.collections4.bloomfilter.LayeredBloomFilterTest,dbg
org.apache.commons.collections4.iterators.FilterIterator,predicate
org.apache.commons.collections4.iterators.FilterIterator,nextObject
org.apache.commons.collections4.iterators.FilterIterator,iterator
org.apache.commons.collections4.iterators.FilterIterator,nextObjectSet
org.apache.commons.collections4.iterators.ZippingIteratorTest,odds
org.apache.commons.collections4.iterators.ZippingIteratorTest,fib
org.apache.commons.collections4.iterators.ZippingIteratorTest,evens
org.apache.commons.collections4.map.LRUMap,serialVersionUID
org.apache.commons.collections4.map.LRUMap,scanUntilRemovable
org.apache.commons.collections4.map.LRUMap,maxSize
org.apache.commons.collections4.queue.TransformedQueue,serialVersionUID
org.apache.commons.collections4.iterators.UnmodifiableMapIterator,iterator
org.apache.commons.collections4.functors.TransformerClosure,serialVersionUID
org.apache.commons.collections4.functors.TransformerClosure,iTransformer
org.apache.commons.collections4.functors.ComparatorPredicate,comparator
org.apache.commons.collections4.functors.ComparatorPredicate,serialVersionUID
org.apache.commons.collections4.functors.ComparatorPredicate,criterion
org.apache.commons.collections4.functors.ComparatorPredicate,object
org.apache.commons.collections4.set.AbstractSerializableSetDecorator,serialVersionUID
org.apache.commons.collections4.SetUtilsTest,setB
org.apache.commons.collections4.SetUtilsTest,setA
org.apache.commons.collections4.functors.InstantiateFactory,iArgs
org.apache.commons.collections4.functors.InstantiateFactory,iClassToInstantiate
org.apache.commons.collections4.functors.InstantiateFactory,iConstructor
org.apache.commons.collections4.functors.InstantiateFactory,iParamTypes
org.apache.commons.collections4.iterators.LazyIteratorChain,lastUsedIterator
org.apache.commons.collections4.iterators.LazyIteratorChain,chainExhausted
org.apache.commons.collections4.iterators.LazyIteratorChain,currentIterator
org.apache.commons.collections4.iterators.LazyIteratorChain,callCounter
org.apache.commons.collections4.keyvalue.MultiKey,serialVersionUID
org.apache.commons.collections4.keyvalue.MultiKey,keys
org.apache.commons.collections4.keyvalue.MultiKey,hashCode
org.apache.commons.collections4.set.MapBackedSet,serialVersionUID
org.apache.commons.collections4.set.MapBackedSet,dummyValue
org.apache.commons.collections4.set.MapBackedSet,map
org.apache.commons.collections4.CollectionUtilsTest,collectionA
org.apache.commons.collections4.CollectionUtilsTest,collectionB
org.apache.commons.collections4.CollectionUtilsTest,collectionC
org.apache.commons.collections4.CollectionUtilsTest,collectionD
org.apache.commons.collections4.CollectionUtilsTest,collectionE
org.apache.commons.collections4.CollectionUtilsTest,collectionC2
org.apache.commons.collections4.CollectionUtilsTest,collectionB2
org.apache.commons.collections4.CollectionUtilsTest,collectionA2
org.apache.commons.collections4.CollectionUtilsTest,iterableB
org.apache.commons.collections4.CollectionUtilsTest,iterableC
org.apache.commons.collections4.CollectionUtilsTest,iterableA
org.apache.commons.collections4.CollectionUtilsTest,EQUALS_TWO
org.apache.commons.collections4.CollectionUtilsTest,emptyCollection
org.apache.commons.collections4.CollectionUtilsTest,iterableB2
org.apache.commons.collections4.CollectionUtilsTest,iterableA2
org.apache.commons.collections4.collection.TransformedCollection,serialVersionUID
org.apache.commons.collections4.trie.AbstractPatriciaTrie,serialVersionUID
org.apache.commons.collections4.trie.AbstractPatriciaTrie,size
org.apache.commons.collections4.trie.AbstractPatriciaTrie,entrySet
org.apache.commons.collections4.trie.AbstractPatriciaTrie,root
org.apache.commons.collections4.trie.AbstractPatriciaTrie,values
org.apache.commons.collections4.trie.AbstractPatriciaTrie,keySet
org.apache.commons.collections4.map.LazySortedMap,serialVersionUID
org.apache.commons.collections4.MultiSetUtilsTest,multiSet
org.apache.commons.collections4.MultiSetUtilsTest,fullArray
org.apache.commons.collections4.bag.CollectionBag,serialVersionUID
org.apache.commons.collections4.list.AbstractListDecorator,serialVersionUID
org.apache.commons.collections4.bidimap.DualTreeBidiMap,valueComparator
org.apache.commons.collections4.bidimap.DualTreeBidiMap,comparator
org.apache.commons.collections4.bidimap.DualTreeBidiMap,serialVersionUID
org.apache.commons.collections4.list.FixedSizeList,serialVersionUID
org.apache.commons.collections4.bag.PredicatedSortedBagTest,nullBag
org.apache.commons.collections4.iterators.SingletonListIteratorTest,testValue
org.apache.commons.collections4.ClosureUtilsTest,cString
org.apache.commons.collections4.bag.TreeBag,serialVersionUID
org.apache.commons.collections4.iterators.PeekingIterator,iterator
org.apache.commons.collections4.iterators.PeekingIterator,exhausted
org.apache.commons.collections4.iterators.PeekingIterator,slot
org.apache.commons.collections4.iterators.PeekingIterator,slotFilled
org.apache.commons.collections4.bidimap.UnmodifiableSortedBidiMap,inverse
org.apache.commons.collections4.list.PredicatedList,serialVersionUID
org.apache.commons.collections4.functors.NullIsTruePredicate,serialVersionUID
org.apache.commons.collections4.functors.NullIsTruePredicate,iPredicate
org.apache.commons.collections4.MockTestCase,mockObjects
org.apache.commons.collections4.map.DefaultedMap,serialVersionUID
org.apache.commons.collections4.map.DefaultedMap,value
org.apache.commons.collections4.bloomfilter.EnhancedDoubleHasher,initial
org.apache.commons.collections4.bloomfilter.EnhancedDoubleHasher,increment
org.apache.commons.collections4.iterators.IteratorChain,lastUsedIterator
org.apache.commons.collections4.iterators.IteratorChain,isLocked
org.apache.commons.collections4.iterators.IteratorChain,currentIterator
org.apache.commons.collections4.iterators.IteratorChain,iteratorChain
org.apache.commons.collections4.keyvalue.AbstractKeyValue,value
org.apache.commons.collections4.keyvalue.AbstractKeyValue,key
org.apache.commons.collections4.functors.ExceptionFactory,serialVersionUID
org.apache.commons.collections4.functors.UniquePredicate,serialVersionUID
org.apache.commons.collections4.functors.UniquePredicate,iSet
org.apache.commons.collections4.bidimap.UnmodifiableBidiMap,inverse
org.apache.commons.collections4.bloomfilter.IncrementingHasher,initial
org.apache.commons.collections4.bloomfilter.IncrementingHasher,increment
org.apache.commons.collections4.iterators.ZippingIterator,iterators
org.apache.commons.collections4.iterators.ZippingIterator,lastReturned
org.apache.commons.collections4.iterators.ZippingIterator,nextIterator
org.apache.commons.collections4.iterators.LoopingIterator,iterator
org.apache.commons.collections4.iterators.LoopingIterator,collection
org.apache.commons.collections4.trie.analyzer.StringKeyAnalyzer,serialVersionUID
org.apache.commons.collections4.trie.analyzer.StringKeyAnalyzer,MSB
org.apache.commons.collections4.iterators.EntrySetMapIterator,iterator
org.apache.commons.collections4.iterators.EntrySetMapIterator,canRemove
org.apache.commons.collections4.iterators.EntrySetMapIterator,last
org.apache.commons.collections4.iterators.EntrySetMapIterator,map
org.apache.commons.collections4.iterators.IteratorEnumeration,iterator
org.apache.commons.collections4.bloomfilter.WrappedBloomFilter,wrapped
org.apache.commons.collections4.map.FixedSizeSortedMap,serialVersionUID
org.apache.commons.collections4.multimap.ArrayListValuedHashMap,serialVersionUID
org.apache.commons.collections4.multimap.ArrayListValuedHashMap,initialListCapacity
org.apache.commons.collections4.multimap.ArrayListValuedHashMap,DEFAULT_INITIAL_MAP_CAPACITY
org.apache.commons.collections4.multimap.ArrayListValuedHashMap,DEFAULT_INITIAL_LIST_CAPACITY
org.apache.commons.collections4.iterators.ListIteratorWrapper,UNSUPPORTED_OPERATION_MESSAGE
org.apache.commons.collections4.iterators.ListIteratorWrapper,iterator
org.apache.commons.collections4.iterators.ListIteratorWrapper,wrappedIteratorIndex
org.apache.commons.collections4.iterators.ListIteratorWrapper,CANNOT_REMOVE_MESSAGE
org.apache.commons.collections4.iterators.ListIteratorWrapper,removeState
org.apache.commons.collections4.iterators.ListIteratorWrapper,list
org.apache.commons.collections4.iterators.ListIteratorWrapper,currentIndex
org.apache.commons.collections4.functors.AbstractQuantifierPredicate,serialVersionUID
org.apache.commons.collections4.queue.CircularFifoQueue,serialVersionUID
org.apache.commons.collections4.queue.CircularFifoQueue,elements
org.apache.commons.collections4.queue.CircularFifoQueue,start
org.apache.commons.collections4.queue.CircularFifoQueue,maxElements
org.apache.commons.collections4.queue.CircularFifoQueue,end
org.apache.commons.collections4.queue.CircularFifoQueue,full
org.apache.commons.collections4.iterators.SingletonIteratorTest,testValue
org.apache.commons.collections4.functors.ExceptionClosure,serialVersionUID
org.apache.commons.collections4.functors.FactoryTransformer,serialVersionUID
org.apache.commons.collections4.functors.FactoryTransformer,iFactory
org.apache.commons.collections4.functors.ForClosure,iCount
org.apache.commons.collections4.functors.ForClosure,iClosure
org.apache.commons.collections4.bloomfilter.ArrayHasher,values
org.apache.commons.collections4.functors.StringValueTransformer,serialVersionUID
org.apache.commons.collections4.functors.StringValueTransformer,INSTANCE
org.apache.commons.collections4.iterators.IteratorIterable,iterator
org.apache.commons.collections4.iterators.IteratorIterable,typeSafeIterator
org.apache.commons.collections4.functors.InstantiateTransformer,iArgs
org.apache.commons.collections4.functors.InstantiateTransformer,NO_ARG_INSTANCE
org.apache.commons.collections4.functors.InstantiateTransformer,iParamTypes
org.apache.commons.collections4.bloomfilter.LayerManagerTest,shape
org.apache.commons.collections4.FluentIterable,iterable
org.apache.commons.collections4.bidimap.DualHashBidiMap,serialVersionUID
org.apache.commons.collections4.functors.ConstantTransformer,serialVersionUID
org.apache.commons.collections4.functors.ConstantTransformer,iConstant
org.apache.commons.collections4.functors.ExceptionTransformer,serialVersionUID
org.apache.commons.collections4.map.PredicatedSortedMap,serialVersionUID
org.apache.commons.collections4.comparators.FixedOrderComparatorTest,topCities
org.apache.commons.collections4.collection.AbstractCollectionTest,collection
org.apache.commons.collections4.collection.AbstractCollectionTest,confirmed
org.apache.commons.collections4.queue.AbstractQueueDecorator,serialVersionUID
org.apache.commons.collections4.iterators.BoundedIteratorTest,testList
org.apache.commons.collections4.iterators.BoundedIteratorTest,testArray
org.apache.commons.collections4.map.IdentityMap,serialVersionUID
org.apache.commons.collections4.map.PredicatedMap,serialVersionUID
org.apache.commons.collections4.list.CursorableLinkedListTest,list
org.apache.commons.collections4.comparators.BooleanComparator,TRUE_FIRST
org.apache.commons.collections4.comparators.BooleanComparator,serialVersionUID
org.apache.commons.collections4.comparators.BooleanComparator,trueFirst
org.apache.commons.collections4.comparators.BooleanComparator,FALSE_FIRST
org.apache.commons.collections4.iterators.AbstractUntypedIteratorDecorator,iterator
org.apache.commons.collections4.map.UnmodifiableOrderedMap,serialVersionUID
org.apache.commons.collections4.map.LazyMap,serialVersionUID
